日期,开盘价,最高价,最低价,收盘价,涨跌幅,成交量,成交额,update_time
2021-11-30,6200.23,6237.87,6163.82,6189.27,-0.0008,16196.22,1357.69,2024-11-29 15:17:02
2021-12-01,6179.99,6254.84,6179.35,6254.69,0.0106,15006.14,1274.47,2024-11-29 15:17:02
2021-12-02,6239.24,6311.48,6231.2,6295.52,0.006500000000000001,16843.78,1460.43,2024-11-29 15:17:02
2021-12-03,6299.67,6349.41,6258.08,6349.41,0.0086,19195.69,1589.49,2024-11-29 15:17:02
2021-12-06,6370.12,6444.76,6363.28,6368.16,0.003,21902.26,1853.06,2024-11-29 15:17:02
2021-12-07,6423.25,6454.18,6369.4,6446.67,0.0123,21471.19,1865.88,2024-11-29 15:17:02
2021-12-08,6453.45,6462.05,6406.86,6459.95,0.0021,17553.73,1569.78,2024-11-29 15:17:02
2021-12-09,6463.08,6551.78,6452.45,6514.15,0.0084,20129.67,1786.77,2024-11-29 15:17:02
2021-12-10,6481.2,6512.03,6457.2,6477.75,-0.005600000000000001,19413.76,1619.56,2024-11-29 15:17:02
2021-12-13,6521.69,6581.59,6494.36,6500.73,0.0034999999999999996,19632.7,1743.88,2024-11-29 15:17:02
2021-12-14,6479.15,6479.15,6414.47,6423.17,-0.011899999999999999,15907.55,1379.14,2024-11-29 15:17:02
2021-12-15,6412.68,6455.06,6409.25,6436.62,0.0021,15136.92,1287.37,2024-11-29 15:17:02
2021-12-16,6443.04,6510.0,6434.4,6510.0,0.011399999999999999,17294.86,1389.54,2024-11-29 15:17:02
2021-12-17,6506.96,6531.8,6468.38,6469.72,-0.0062,17926.43,1474.69,2024-11-29 15:17:02
2021-12-20,6454.2,6492.73,6416.18,6425.07,-0.0069,18599.18,1464.6,2024-11-29 15:17:02
2021-12-21,6421.04,6520.63,6421.04,6508.7,0.013000000000000001,18590.64,1370.75,2024-11-29 15:17:02
2021-12-22,6516.71,6516.9,6457.28,6475.44,-0.0051,16145.3,1218.7,2024-11-29 15:17:02
2021-12-23,6476.17,6516.47,6471.2,6513.45,0.0059,16623.5,1348.42,2024-11-29 15:17:02
2021-12-24,6511.5,6511.5,6463.2,6469.88,-0.0067,15699.08,1297.47,2024-11-29 15:17:02
2021-12-27,6468.76,6512.81,6462.61,6482.97,0.002,14199.06,1259.26,2024-11-29 15:17:02
2021-12-28,6489.83,6493.7,6455.31,6486.06,0.0005,14185.73,1237.45,2024-11-29 15:17:02
2021-12-29,6483.67,6483.67,6425.82,6425.82,-0.009300000000000001,12101.02,1069.11,2024-11-29 15:17:02
2021-12-30,6427.11,6475.7,6426.34,6453.84,0.0044,12556.01,1115.85,2024-11-29 15:17:02
2021-12-31,6459.79,6508.02,6459.56,6498.07,0.0069,13618.63,1193.88,2024-11-29 15:17:02
2022-01-04,6513.87,6546.75,6485.57,6536.75,0.006,17771.76,1537.8,2024-11-29 15:17:02
2022-01-05,6531.83,6591.65,6524.06,6544.1,0.0011,18927.06,1719.83,2024-11-29 15:17:02
2022-01-06,6524.73,6560.59,6513.34,6533.23,-0.0017000000000000001,17284.66,1500.12,2024-11-29 15:17:02
2022-01-07,6544.77,6650.01,6544.77,6620.02,0.013300000000000001,22028.71,1854.01,2024-11-29 15:17:02
2022-01-10,6626.99,6681.04,6601.27,6651.8,0.0048,17329.67,1494.92,2024-11-29 15:17:02
2022-01-11,6650.3,6724.58,6637.88,6651.47,0.0,17198.47,1499.87,2024-11-29 15:17:02
2022-01-12,6658.73,6661.89,6574.35,6634.39,-0.0026,15413.53,1329.24,2024-11-29 15:17:02
2022-01-13,6636.05,6677.78,6583.31,6584.05,-0.0076,16290.37,1379.89,2024-11-29 15:17:02
2022-01-14,6569.28,6569.28,6459.86,6464.53,-0.0182,16655.5,1399.2,2024-11-29 15:17:02
2022-01-17,6465.75,6507.23,6465.66,6495.34,0.0048,12079.7,1093.21,2024-11-29 15:17:02
2022-01-18,6495.42,6606.76,6480.47,6589.8,0.014499999999999999,17289.96,1446.91,2024-11-29 15:17:02
2022-01-19,6592.37,6650.68,6591.75,6624.0,0.0052,16334.75,1435.25,2024-11-29 15:17:02
2022-01-20,6624.65,6724.89,6624.51,6694.86,0.010700000000000001,18724.13,1686.08,2024-11-29 15:17:02
2022-01-21,6677.46,6682.19,6613.41,6626.56,-0.0102,14535.65,1276.88,2024-11-29 15:17:02
2022-01-24,6608.88,6646.85,6570.21,6617.88,-0.0013,12295.35,1051.55,2024-11-29 15:17:02
2022-01-25,6587.01,6588.35,6430.29,6430.3,-0.028300000000000002,14370.54,1173.96,2024-11-29 15:17:02
2022-01-26,6452.73,6491.79,6423.92,6481.11,0.0079,11715.94,969.13,2024-11-29 15:17:02
2022-01-27,6464.4,6470.84,6391.26,6392.15,-0.0137,12039.89,1018.11,2024-11-29 15:17:02
2022-01-28,6421.11,6434.65,6306.63,6310.38,-0.0128,13276.8,1082.68,2024-11-29 15:17:02
2022-02-07,6395.69,6504.44,6395.69,6499.63,0.03,16680.31,1284.08,2024-11-29 15:17:02
2022-02-08,6503.92,6607.25,6489.77,6606.95,0.0165,19016.13,1405.92,2024-11-29 15:17:02
2022-02-09,6607.6,6660.2,6601.54,6634.7,0.0042,17751.35,1385.55,2024-11-29 15:17:02
2022-02-10,6632.03,6687.89,6599.17,6687.78,0.008,17616.64,1394.71,2024-11-29 15:17:02
2022-02-11,6676.18,6769.1,6667.89,6706.1,0.0027,18019.68,1583.19,2024-11-29 15:17:02
2022-02-14,6681.56,6681.56,6536.98,6559.92,-0.0218,15595.91,1285.92,2024-11-29 15:17:02
2022-02-15,6548.8,6564.88,6485.0,6519.93,-0.0060999999999999995,12304.37,1031.85,2024-11-29 15:17:02
2022-02-16,6540.2,6598.3,6537.94,6573.73,0.0083,11406.92,931.4,2024-11-29 15:17:02
2022-02-17,6572.71,6589.42,6545.29,6555.51,-0.0028000000000000004,11883.57,985.81,2024-11-29 15:17:02
2022-02-18,6528.02,6648.14,6522.16,6648.12,0.0141,13967.85,1108.53,2024-11-29 15:17:02
2022-02-21,6635.11,6646.15,6580.75,6640.71,-0.0011,13105.96,1074.61,2024-11-29 15:17:02
2022-02-22,6597.55,6607.34,6525.52,6563.18,-0.011699999999999999,13929.29,1160.91,2024-11-29 15:17:02
2022-02-23,6565.42,6573.42,6519.25,6550.95,-0.0019,13301.73,1111.03,2024-11-29 15:17:02
2022-02-24,6521.71,6533.14,6388.83,6431.05,-0.0183,20154.71,1595.58,2024-11-29 15:17:02
2022-02-25,6451.22,6489.53,6405.12,6428.84,-0.0003,16417.05,1295.07,2024-11-29 15:17:02
2022-02-28,6423.08,6437.59,6366.63,6430.61,0.0003,14416.14,1162.47,2024-11-29 15:17:02
2022-03-01,6439.86,6487.58,6417.92,6482.76,0.008100000000000001,13895.89,1150.61,2024-11-29 15:17:02
2022-03-02,6458.45,6495.72,6454.25,6479.26,-0.0005,14317.34,1138.78,2024-11-29 15:17:02
2022-03-03,6501.04,6545.43,6501.04,6538.18,0.0091,20219.62,1489.06,2024-11-29 15:17:02
2022-03-04,6505.26,6505.26,6434.55,6471.11,-0.0103,17577.83,1354.76,2024-11-29 15:17:02
2022-03-07,6457.43,6464.52,6349.89,6370.73,-0.0155,18527.68,1499.05,2024-11-29 15:17:02
2022-03-08,6349.48,6356.24,6169.07,6178.55,-0.0302,19849.66,1580.7,2024-11-29 15:17:02
2022-03-09,6190.61,6216.07,5881.66,6075.67,-0.0167,21997.91,1696.34,2024-11-29 15:17:02
2022-03-10,6166.73,6178.95,6107.98,6116.19,0.0067,16115.17,1307.12,2024-11-29 15:17:02
2022-03-11,6059.5,6158.53,5984.21,6143.8,0.0045000000000000005,16253.44,1297.97,2024-11-29 15:17:02
2022-03-14,6067.32,6155.63,5998.85,5998.85,-0.0236,13974.58,1156.17,2024-11-29 15:17:02
2022-03-15,5950.48,5950.48,5640.62,5640.62,-0.059699999999999996,22502.16,1718.82,2024-11-29 15:17:02
2022-03-16,5717.59,5868.06,5577.27,5841.74,0.035699999999999996,19309.04,1525.43,2024-11-29 15:17:02
2022-03-17,5941.47,5999.26,5889.04,5920.94,0.013600000000000001,17375.18,1465.85,2024-11-29 15:17:02
2022-03-18,5906.04,6071.36,5894.77,6060.53,0.0236,16515.38,1373.59,2024-11-29 15:17:02
2022-03-21,6061.26,6064.49,5975.3,6019.34,-0.0068000000000000005,14931.73,1255.59,2024-11-29 15:17:02
2022-03-22,6004.13,6128.15,6001.54,6098.72,0.0132,15575.48,1293.24,2024-11-29 15:17:02
2022-03-23,6099.42,6113.55,6042.08,6089.59,-0.0015,14748.16,1242.62,2024-11-29 15:17:02
2022-03-24,6059.88,6101.9,6044.79,6072.17,-0.0029,13548.03,1111.93,2024-11-29 15:17:02
2022-03-25,6067.22,6109.17,6021.85,6023.71,-0.008,13457.74,1118.45,2024-11-29 15:17:02
2022-03-28,5988.24,6095.51,5941.35,6073.71,0.0083,15204.72,1196.29,2024-11-29 15:17:02
2022-03-29,6071.87,6090.02,6042.99,6059.21,-0.0024,13190.95,1084.88,2024-11-29 15:17:02
2022-03-30,6073.84,6177.86,6073.84,6175.88,0.019299999999999998,17035.43,1410.92,2024-11-29 15:17:02
2022-03-31,6156.04,6247.98,6148.29,6203.97,0.0045000000000000005,18627.07,1565.95,2024-11-29 15:17:02
2022-04-01,6163.89,6279.64,6151.54,6278.09,0.011899999999999999,18434.11,1499.52,2024-11-29 15:17:02
2022-04-06,6264.36,6367.69,6263.97,6357.24,0.0126,22271.44,1725.61,2024-11-29 15:17:02
2022-04-07,6325.52,6369.78,6257.08,6264.89,-0.014499999999999999,19978.61,1547.23,2024-11-29 15:17:02
2022-04-08,6269.58,6335.6,6217.66,6333.26,0.0109,19588.32,1520.56,2024-11-29 15:17:02
2022-04-11,6309.97,6309.97,6186.15,6205.23,-0.0202,18638.2,1500.71,2024-11-29 15:17:02
2022-04-12,6202.26,6273.87,6139.81,6244.43,0.0063,18086.4,1452.53,2024-11-29 15:17:02
2022-04-13,6221.0,6289.9,6193.25,6214.31,-0.0048,16792.45,1352.78,2024-11-29 15:17:02
2022-04-14,6245.29,6315.24,6237.72,6288.67,0.012,16358.87,1367.48,2024-11-29 15:17:02
2022-04-15,6264.34,6330.95,6260.5,6293.61,0.0008,18719.18,1521.05,2024-11-29 15:17:02
2022-04-18,6231.68,6231.68,6146.12,6161.23,-0.021,16081.06,1338.89,2024-11-29 15:17:02
2022-04-19,6142.7,6195.46,6126.62,6172.58,0.0018,15094.69,1301.5,2024-11-29 15:17:02
2022-04-20,6161.26,6170.98,6030.89,6043.32,-0.0209,15627.69,1296.04,2024-11-29 15:17:02
2022-04-21,6025.04,6065.5,5925.27,5945.97,-0.0161,16253.79,1255.67,2024-11-29 15:17:02
2022-04-22,5908.46,6042.9,5896.47,6025.95,0.013500000000000002,15311.6,1175.52,2024-11-29 15:17:02
2022-04-25,5923.74,5959.85,5745.9,5745.9,-0.04650000000000001,19825.55,1492.44,2024-11-29 15:17:02
2022-04-26,5754.1,5793.2,5648.43,5660.18,-0.0149,17663.47,1304.28,2024-11-29 15:17:02
2022-04-27,5621.19,5733.84,5616.85,5732.08,0.0127,19273.14,1423.3,2024-11-29 15:17:02
2022-04-28,5715.1,5809.71,5708.79,5798.97,0.011699999999999999,17263.91,1310.25,2024-11-29 15:17:02
2022-04-29,5807.96,5909.78,5755.44,5897.77,0.017,19879.22,1567.72,2024-11-29 15:17:02
2022-05-05,5894.78,5937.16,5880.96,5916.38,0.0032,18176.32,1428.09,2024-11-29 15:17:02
2022-05-06,5817.2,5834.71,5756.51,5768.19,-0.025,14733.05,1086.09,2024-11-29 15:17:02
2022-05-09,5746.48,5782.81,5717.59,5750.73,-0.003,11819.6,920.36,2024-11-29 15:17:02
2022-05-10,5682.35,5807.25,5643.22,5795.66,0.0078000000000000005,16933.93,1239.88,2024-11-29 15:17:02
2022-05-11,5787.84,5851.17,5781.07,5789.46,-0.0011,17816.07,1412.62,2024-11-29 15:17:02
2022-05-12,5766.31,5801.84,5711.65,5751.89,-0.006500000000000001,13154.9,1028.43,2024-11-29 15:17:02
2022-05-13,5776.11,5845.71,5776.11,5845.71,0.0163,14061.49,1113.6,2024-11-29 15:17:02
2022-05-16,5880.79,5883.01,5799.76,5825.56,-0.0034000000000000002,14572.11,1158.81,2024-11-29 15:17:02
2022-05-17,5827.34,5849.89,5784.51,5847.08,0.0037,12986.89,1041.44,2024-11-29 15:17:02
2022-05-18,5849.42,5849.56,5785.18,5808.71,-0.0066,12020.16,938.3,2024-11-29 15:17:02
2022-05-19,5737.91,5823.71,5730.87,5823.34,0.0025,13407.73,1019.53,2024-11-29 15:17:02
2022-05-20,5843.09,5915.01,5842.44,5914.05,0.015600000000000001,16177.46,1289.93,2024-11-29 15:17:02
2022-05-23,5913.91,5913.91,5858.02,5884.3,-0.005,14326.31,1118.56,2024-11-29 15:17:02
2022-05-24,5888.06,5907.07,5774.58,5774.58,-0.018600000000000002,16384.14,1215.05,2024-11-29 15:17:02
2022-05-25,5773.19,5839.23,5768.65,5838.58,0.0111,13430.27,956.83,2024-11-29 15:17:02
2022-05-26,5849.19,5901.22,5807.25,5885.91,0.008100000000000001,15414.61,1127.81,2024-11-29 15:17:02
2022-05-27,5901.49,5922.45,5861.56,5893.2,0.0012,13602.85,1027.76,2024-11-29 15:17:02
2022-05-30,5911.37,5912.54,5855.63,5882.19,-0.0019,12985.0,981.24,2024-11-29 15:17:02
2022-05-31,5883.9,5925.08,5869.02,5918.19,0.0060999999999999995,14787.3,1157.9,2024-11-29 15:17:02
2022-06-01,5909.45,5925.3,5870.82,5912.1,-0.001,14098.51,1046.75,2024-11-29 15:17:02
2022-06-02,5881.96,5886.74,5857.97,5883.32,-0.0049,13911.99,1043.38,2024-11-29 15:17:02
2022-06-06,5877.42,5911.06,5832.55,5908.93,0.0044,17720.48,1362.88,2024-11-29 15:17:02
2022-06-07,5900.54,5947.62,5889.5,5930.57,0.0037,16616.69,1296.81,2024-11-29 15:17:02
2022-06-08,5938.56,5965.43,5887.26,5965.43,0.0059,17815.36,1364.46,2024-11-29 15:17:02
2022-06-09,5959.97,6016.85,5948.59,5971.51,0.001,18297.19,1400.54,2024-11-29 15:17:02
2022-06-10,5929.71,6028.45,5923.96,6022.22,0.0085,19701.88,1457.01,2024-11-29 15:17:02
2022-06-13,5974.79,5986.81,5896.28,5937.85,-0.013999999999999999,18145.03,1545.33,2024-11-29 15:17:02
2022-06-14,5886.47,6034.49,5867.9,6033.42,0.0161,18456.12,1551.92,2024-11-29 15:17:02
2022-06-15,6030.91,6216.52,6030.33,6118.84,0.014199999999999999,26049.76,2274.66,2024-11-29 15:17:02
2022-06-16,6112.12,6124.91,6003.19,6010.14,-0.0178,18892.61,1636.44,2024-11-29 15:17:02
2022-06-17,5971.7,6040.33,5946.81,6028.65,0.0031,15643.2,1393.22,2024-11-29 15:17:02
2022-06-20,6013.24,6014.29,5964.9,5986.2,-0.006999999999999999,17055.79,1562.78,2024-11-29 15:17:02
2022-06-21,5981.39,6031.85,5952.73,5997.7,0.0019,15520.04,1333.35,2024-11-29 15:17:02
2022-06-22,6002.4,6002.49,5911.52,5911.81,-0.0143,13571.49,1162.81,2024-11-29 15:17:02
2022-06-23,5911.92,5983.37,5898.2,5983.37,0.0121,14233.67,1226.08,2024-11-29 15:17:02
2022-06-24,5981.41,6001.36,5957.65,5986.66,0.0005,14107.69,1295.31,2024-11-29 15:17:02
2022-06-27,5998.31,6048.34,5991.38,6028.13,0.0069,15227.83,1409.35,2024-11-29 15:17:02
2022-06-28,6029.15,6078.38,6011.49,6073.85,0.0076,15410.52,1365.83,2024-11-29 15:17:02
2022-06-29,6060.3,6110.37,6036.96,6041.08,-0.0054,17708.68,1547.74,2024-11-29 15:17:02
2022-06-30,6036.6,6107.08,6036.6,6080.7,0.0066,14900.43,1346.03,2024-11-29 15:17:02
2022-07-01,6086.68,6096.2,6056.54,6072.53,-0.0013,13060.0,1229.89,2024-11-29 15:17:02
2022-07-04,6061.59,6089.38,6043.63,6087.58,0.0025,14077.02,1289.1,2024-11-29 15:17:02
2022-07-05,6097.31,6137.52,6063.43,6107.08,0.0032,17715.09,1493.37,2024-11-29 15:17:02
2022-07-06,6085.77,6085.77,5957.59,5988.24,-0.0195,16772.9,1416.46,2024-11-29 15:17:02
2022-07-07,5986.08,6022.5,5975.0,5992.46,0.0007000000000000001,13980.16,1174.58,2024-11-29 15:17:02
2022-07-08,6013.7,6019.75,5973.2,5982.1,-0.0017000000000000001,12280.39,1095.33,2024-11-29 15:17:02
2022-07-11,5963.94,5964.15,5921.44,5938.52,-0.0073,13875.54,1180.17,2024-11-29 15:17:02
2022-07-12,5924.79,5980.07,5923.78,5945.0,0.0011,14290.37,1220.7,2024-11-29 15:17:02
2022-07-13,5941.74,5946.4,5890.21,5909.07,-0.006,14579.25,1221.88,2024-11-29 15:17:02
2022-07-14,5895.88,5895.88,5808.77,5824.79,-0.0143,15379.25,1309.43,2024-11-29 15:17:02
2022-07-15,5783.71,5806.43,5683.37,5683.37,-0.024300000000000002,16145.7,1350.64,2024-11-29 15:17:02
2022-07-18,5699.08,5803.68,5699.08,5802.47,0.021,14536.68,1170.16,2024-11-29 15:17:02
2022-07-19,5804.01,5821.73,5772.84,5811.16,0.0015,12143.46,1017.77,2024-11-29 15:17:02
2022-07-20,5832.95,5842.22,5814.11,5831.77,0.0034999999999999996,11062.9,931.91,2024-11-29 15:17:02
2022-07-21,5815.05,5815.05,5740.15,5740.15,-0.015700000000000002,12811.68,1103.34,2024-11-29 15:17:02
2022-07-22,5744.52,5776.72,5705.54,5743.38,0.0006,11121.55,928.47,2024-11-29 15:17:02
2022-07-25,5743.81,5756.59,5722.76,5732.59,-0.0019,9964.94,840.3,2024-11-29 15:17:02
2022-07-26,5735.3,5799.29,5731.23,5788.52,0.0098,9511.25,797.17,2024-11-29 15:17:02
2022-07-27,5779.87,5779.87,5755.0,5763.9,-0.0043,8847.22,765.67,2024-11-29 15:17:02
2022-07-28,5776.7,5796.26,5759.28,5763.9,0.0,10631.56,883.07,2024-11-29 15:17:02
2022-07-29,5769.05,5797.68,5709.51,5717.95,-0.008,12104.55,1021.87,2024-11-29 15:17:02
2022-08-01,5711.98,5711.98,5658.97,5695.77,-0.0039000000000000003,11252.47,965.49,2024-11-29 15:17:02
2022-08-02,5650.0,5650.0,5505.24,5558.67,-0.0241,16034.5,1228.16,2024-11-29 15:17:02
2022-08-03,5554.87,5603.44,5488.8,5492.09,-0.012,11659.5,961.1,2024-11-29 15:17:02
2022-08-04,5518.82,5535.26,5483.73,5531.55,0.0072,9111.18,736.45,2024-11-29 15:17:02
2022-08-05,5534.44,5584.95,5505.69,5583.39,0.009399999999999999,9687.23,811.01,2024-11-29 15:17:02
2022-08-08,5571.58,5604.65,5566.44,5595.75,0.0022,8963.46,765.76,2024-11-29 15:17:02
2022-08-09,5595.32,5611.05,5582.55,5598.37,0.0005,8653.48,757.28,2024-11-29 15:17:02
2022-08-10,5595.19,5610.48,5551.48,5568.54,-0.0053,8444.14,727.12,2024-11-29 15:17:02
2022-08-11,5594.51,5670.76,5587.28,5669.67,0.0182,11065.04,928.0,2024-11-29 15:17:02
2022-08-12,5659.84,5711.99,5654.94,5700.83,0.0055000000000000005,11238.53,900.62,2024-11-29 15:17:02
2022-08-15,5686.16,5720.83,5671.85,5682.59,-0.0032,11539.13,957.32,2024-11-29 15:17:02
2022-08-16,5690.8,5708.94,5670.92,5686.8,0.0007000000000000001,10602.13,901.76,2024-11-29 15:17:02
2022-08-17,5695.46,5732.52,5663.58,5727.94,0.0072,11778.6,1005.27,2024-11-29 15:17:02
2022-08-18,5714.38,5718.6,5660.23,5664.7,-0.011000000000000001,10567.27,865.49,2024-11-29 15:17:02
2022-08-19,5659.83,5715.44,5659.32,5691.34,0.004699999999999999,12531.28,1026.97,2024-11-29 15:17:02
2022-08-22,5679.47,5732.98,5678.27,5723.57,0.005699999999999999,12098.37,1043.54,2024-11-29 15:17:02
2022-08-23,5715.04,5731.45,5680.81,5710.87,-0.0022,12505.57,1053.56,2024-11-29 15:17:02
2022-08-24,5718.75,5745.75,5648.55,5651.78,-0.0103,14075.12,1211.91,2024-11-29 15:17:02
2022-08-25,5665.8,5756.44,5655.49,5751.56,0.0177,14053.87,1252.77,2024-11-29 15:17:02
2022-08-26,5749.86,5757.43,5715.6,5724.35,-0.004699999999999999,11884.23,1060.09,2024-11-29 15:17:02
2022-08-29,5669.46,5720.68,5645.47,5720.41,-0.0007000000000000001,11732.9,1017.14,2024-11-29 15:17:02
2022-08-30,5713.56,5737.91,5676.4,5704.1,-0.0029,11907.96,1016.28,2024-11-29 15:17:02
2022-08-31,5695.55,5752.65,5679.13,5710.07,0.001,14880.03,1311.51,2024-11-29 15:17:02
2022-09-01,5697.62,5752.92,5687.08,5702.73,-0.0013,11608.04,1026.52,2024-11-29 15:17:02
2022-09-02,5710.92,5718.76,5667.27,5687.32,-0.0027,9989.3,850.47,2024-11-29 15:17:02
2022-09-05,5685.88,5745.34,5669.15,5745.34,0.0102,11634.79,946.07,2024-11-29 15:17:02
2022-09-06,5753.6,5804.48,5751.69,5801.57,0.0098,13519.29,1116.46,2024-11-29 15:17:02
2022-09-07,5782.23,5793.4,5762.73,5791.52,-0.0017000000000000001,12966.82,1003.69,2024-11-29 15:17:02
2022-09-08,5791.41,5811.74,5771.75,5786.29,-0.0009,12381.94,951.38,2024-11-29 15:17:02
2022-09-09,5795.87,5884.14,5790.52,5873.95,0.0151,13998.3,1187.45,2024-11-29 15:17:02
2022-09-13,5882.01,5903.32,5847.15,5868.63,-0.0009,12858.18,1068.35,2024-11-29 15:17:02
2022-09-14,5804.92,5849.96,5796.29,5811.08,-0.0098,10833.76,865.96,2024-11-29 15:17:02
2022-09-15,5837.06,5871.42,5767.41,5814.16,0.0005,14491.11,1215.15,2024-11-29 15:17:02
2022-09-16,5796.74,5797.14,5645.0,5645.0,-0.0291,15400.02,1201.98,2024-11-29 15:17:02
2022-09-19,5639.93,5664.51,5612.25,5639.9,-0.0009,11154.17,843.78,2024-11-29 15:17:02
2022-09-20,5659.08,5663.6,5598.01,5610.55,-0.0052,9525.74,773.4,2024-11-29 15:17:02
2022-09-21,5604.45,5659.53,5564.93,5639.83,0.0052,10296.37,776.64,2024-11-29 15:17:02
2022-09-22,5605.48,5629.03,5596.14,5617.21,-0.004,9771.51,805.18,2024-11-29 15:17:02
2022-09-23,5605.45,5666.94,5582.16,5604.5,-0.0023,10607.92,813.23,2024-11-29 15:17:02
2022-09-26,5568.68,5599.54,5493.33,5495.59,-0.0194,11665.45,850.57,2024-11-29 15:17:02
2022-09-27,5502.26,5532.1,5457.59,5531.08,0.006500000000000001,9696.27,760.66,2024-11-29 15:17:02
2022-09-28,5519.7,5519.7,5461.97,5461.97,-0.0125,9267.68,716.25,2024-11-29 15:17:02
2022-09-29,5500.32,5516.95,5398.96,5423.06,-0.0070999999999999995,9842.6,752.8,2024-11-29 15:17:02
2022-09-30,5425.85,5487.64,5425.85,5450.19,0.005,9060.86,708.7,2024-11-29 15:17:02
2022-10-10,5458.09,5499.3,5417.86,5424.18,-0.0048,11595.03,877.03,2024-11-29 15:17:02
2022-10-11,5429.34,5443.54,5382.92,5425.66,0.0003,9298.41,698.88,2024-11-29 15:17:02
2022-10-12,5417.97,5491.14,5365.55,5491.14,0.0121,10795.13,810.07,2024-11-29 15:17:02
2022-10-13,5460.61,5470.64,5405.85,5431.95,-0.0108,10652.04,852.19,2024-11-29 15:17:02
2022-10-14,5459.4,5523.23,5459.29,5502.58,0.013000000000000001,11495.27,931.46,2024-11-29 15:17:02
2022-10-17,5476.6,5511.79,5437.2,5503.53,0.0002,10676.3,832.17,2024-11-29 15:17:02
2022-10-18,5521.14,5527.79,5478.45,5491.41,-0.0022,9574.95,792.67,2024-11-29 15:17:02
2022-10-19,5481.2,5500.14,5428.56,5428.56,-0.011399999999999999,8720.34,751.14,2024-11-29 15:17:02
2022-10-20,5405.8,5443.1,5379.05,5391.4,-0.0068000000000000005,9297.88,745.98,2024-11-29 15:17:02
2022-10-21,5405.83,5438.67,5377.22,5395.13,0.0007000000000000001,9769.4,747.98,2024-11-29 15:17:02
2022-10-24,5393.82,5429.16,5250.68,5264.98,-0.0241,12270.17,970.71,2024-11-29 15:17:02
2022-10-25,5263.1,5304.41,5218.09,5259.13,-0.0011,10331.48,786.56,2024-11-29 15:17:02
2022-10-26,5256.15,5307.5,5236.11,5252.87,-0.0012,11077.64,869.22,2024-11-29 15:17:02
2022-10-27,5260.92,5297.56,5252.28,5259.6,0.0013,10701.85,844.24,2024-11-29 15:17:02
2022-10-28,5241.16,5246.15,5136.87,5147.87,-0.0212,12314.75,950.83,2024-11-29 15:17:02
2022-10-31,5110.13,5124.22,5047.64,5066.19,-0.0159,13662.95,1055.33,2024-11-29 15:17:02
2022-11-01,5074.64,5169.19,5066.85,5169.19,0.0203,13892.54,1077.24,2024-11-29 15:17:02
2022-11-02,5152.1,5220.9,5142.82,5202.83,0.006500000000000001,12576.35,1040.59,2024-11-29 15:17:02
2022-11-03,5171.55,5185.34,5140.34,5164.68,-0.0073,10122.18,783.79,2024-11-29 15:17:02
2022-11-04,5160.33,5302.41,5160.12,5286.81,0.0236,13394.85,1084.48,2024-11-29 15:17:02
2022-11-07,5276.35,5337.09,5269.08,5317.05,0.005699999999999999,12445.57,981.08,2024-11-29 15:17:02
2022-11-08,5318.44,5322.32,5280.35,5306.33,-0.002,9700.92,765.36,2024-11-29 15:17:02
2022-11-09,5315.02,5344.48,5296.56,5298.56,-0.0015,9506.39,758.19,2024-11-29 15:17:02
2022-11-10,5271.48,5310.7,5245.37,5294.74,-0.0007000000000000001,9529.56,715.78,2024-11-29 15:17:02
2022-11-11,5388.98,5485.69,5357.82,5441.71,0.0278,17049.06,1414.16,2024-11-29 15:17:02
2022-11-14,5504.86,5557.29,5477.94,5488.93,0.0087,16586.57,1465.75,2024-11-29 15:17:02
2022-11-15,5484.04,5558.67,5462.69,5552.67,0.0116,13561.31,1138.67,2024-11-29 15:17:02
2022-11-16,5549.1,5556.74,5517.61,5522.09,-0.0055000000000000005,10995.39,895.93,2024-11-29 15:17:02
2022-11-17,5508.79,5511.88,5467.95,5505.92,-0.0029,10021.89,885.43,2024-11-29 15:17:02
2022-11-18,5510.31,5520.28,5474.08,5477.22,-0.0052,10902.57,902.45,2024-11-29 15:17:02
2022-11-21,5446.48,5450.48,5398.97,5448.31,-0.0053,9416.17,832.68,2024-11-29 15:17:02
2022-11-22,5453.58,5557.67,5448.37,5511.9,0.011699999999999999,14987.99,1096.27,2024-11-29 15:17:02
2022-11-23,5508.37,5577.45,5506.09,5534.27,0.0040999999999999995,15675.02,1094.71,2024-11-29 15:17:02
2022-11-24,5554.7,5572.58,5520.14,5530.88,-0.0006,11307.96,855.01,2024-11-29 15:17:02
2022-11-25,5528.24,5641.5,5527.78,5629.71,0.0179,15886.73,1153.69,2024-11-29 15:17:02
2022-11-28,5548.51,5567.93,5489.61,5563.62,-0.011699999999999999,14570.18,1054.74,2024-11-29 15:17:02
2022-11-29,5618.03,5759.66,5618.03,5747.49,0.033,19778.37,1605.6,2024-11-29 15:17:02
2022-11-30,5729.15,5797.92,5716.05,5733.28,-0.0025,18326.98,1434.3,2024-11-29 15:17:02
2022-12-01,5791.1,5805.17,5720.59,5722.89,-0.0018,16852.69,1354.06,2024-11-29 15:17:02
2022-12-02,5713.09,5720.75,5666.27,5685.83,-0.006500000000000001,12689.3,1031.69,2024-11-29 15:17:02
2022-12-05,5736.14,5860.2,5736.14,5852.54,0.029300000000000003,22100.34,1664.71,2024-11-29 15:17:02
2022-12-06,5832.03,5860.16,5805.33,5832.22,-0.0034999999999999996,17558.58,1359.13,2024-11-29 15:17:02
2022-12-07,5820.98,5837.62,5762.9,5785.71,-0.008,16034.91,1278.42,2024-11-29 15:17:02
2022-12-08,5778.72,5821.3,5771.75,5803.87,0.0031,13743.79,1115.92,2024-11-29 15:17:02
2022-12-09,5808.7,5870.89,5788.06,5853.54,0.0086,18096.13,1487.47,2024-11-29 15:17:02
2022-12-12,5830.55,5830.55,5746.53,5750.72,-0.0176,14728.92,1262.01,2024-11-29 15:17:02
2022-12-13,5751.89,5789.11,5747.91,5770.0,0.0034000000000000002,10487.39,889.1,2024-11-29 15:17:02
2022-12-14,5766.43,5784.76,5735.01,5760.96,-0.0016,10117.72,880.65,2024-11-29 15:17:02
2022-12-15,5748.79,5762.19,5698.4,5707.57,-0.009300000000000001,8891.93,761.5,2024-11-29 15:17:02
2022-12-16,5690.32,5773.16,5689.58,5758.7,0.009000000000000001,10285.78,852.44,2024-11-29 15:17:02
2022-12-19,5752.78,5766.88,5608.94,5632.05,-0.022000000000000002,11329.5,895.46,2024-11-29 15:17:02
2022-12-20,5611.01,5629.52,5545.7,5566.75,-0.0116,8274.99,678.57,2024-11-29 15:17:02
2022-12-21,5574.47,5603.36,5558.27,5569.74,0.0005,6463.53,515.86,2024-11-29 15:17:02
2022-12-22,5606.95,5626.84,5535.19,5553.94,-0.0028000000000000004,8129.25,649.58,2024-11-29 15:17:02
2022-12-23,5528.97,5581.86,5523.87,5546.61,-0.0013,6504.28,504.39,2024-11-29 15:17:02
2022-12-26,5548.24,5557.7,5521.3,5528.51,-0.0033,7530.55,601.94,2024-11-29 15:17:02
2022-12-27,5557.68,5606.19,5556.91,5594.61,0.012,8012.79,645.33,2024-11-29 15:17:02
2022-12-28,5582.55,5625.66,5571.89,5601.09,0.0012,8659.69,671.68,2024-11-29 15:17:02
2022-12-29,5579.42,5579.42,5533.07,5552.63,-0.0087,7932.76,636.68,2024-11-29 15:17:02
2022-12-30,5568.4,5603.68,5565.78,5589.26,0.0066,7712.52,613.16,2024-11-29 15:17:02
2023-01-03,5580.43,5635.12,5543.46,5627.38,0.0068000000000000005,10819.01,871.81,2024-11-29 15:17:02
2023-01-04,5628.72,5695.37,5621.21,5691.43,0.011399999999999999,11183.37,940.52,2024-11-29 15:17:02
2023-01-05,5710.01,5732.64,5700.76,5720.01,0.005,10136.42,888.44,2024-11-29 15:17:02
2023-01-06,5726.87,5736.95,5702.27,5717.43,-0.0005,9899.74,829.03,2024-11-29 15:17:02
2023-01-09,5733.28,5754.31,5715.53,5741.52,0.0042,10285.87,880.45,2024-11-29 15:17:02
2023-01-10,5740.05,5740.05,5698.62,5700.19,-0.0072,9087.42,769.74,2024-11-29 15:17:02
2023-01-11,5708.68,5770.55,5707.83,5743.77,0.0076,9771.74,886.55,2024-11-29 15:17:02
2023-01-12,5748.08,5748.58,5714.66,5742.53,-0.0002,8837.84,739.55,2024-11-29 15:17:02
2023-01-13,5749.69,5808.95,5746.58,5808.92,0.0116,8810.03,785.14,2024-11-29 15:17:02
2023-01-16,5818.51,5900.46,5808.92,5852.66,0.0075,13657.59,1191.57,2024-11-29 15:17:02
2023-01-17,5850.7,5857.66,5817.44,5843.67,-0.0015,9147.31,772.53,2024-11-29 15:17:02
2023-01-18,5846.1,5866.78,5836.94,5848.94,0.0009,9319.06,747.6,2024-11-29 15:17:02
2023-01-19,5839.5,5875.96,5816.0,5875.96,0.0046,9659.54,790.49,2024-11-29 15:17:02
2023-01-20,5887.55,5931.03,5877.17,5929.85,0.0092,12491.36,968.44,2024-11-29 15:17:02
2023-01-30,6002.78,6006.66,5902.97,5905.96,-0.004,14949.07,1236.49,2024-11-29 15:17:02
2023-01-31,5898.72,5932.51,5879.84,5889.22,-0.0028000000000000004,11955.77,966.15,2024-11-29 15:17:02
2023-02-01,5905.41,5928.01,5864.18,5927.39,0.006500000000000001,13879.78,1121.09,2024-11-29 15:17:02
2023-02-02,5939.0,5939.23,5884.19,5907.57,-0.0033,13178.71,1103.33,2024-11-29 15:17:02
2023-02-03,5887.65,5887.65,5810.07,5850.27,-0.0097,11383.29,930.35,2024-11-29 15:17:02
2023-02-06,5811.7,5811.87,5771.78,5790.09,-0.0103,10386.96,881.72,2024-11-29 15:17:02
2023-02-07,5803.25,5829.93,5795.79,5821.82,0.0055000000000000005,9071.28,744.43,2024-11-29 15:17:02
2023-02-08,5826.97,5838.82,5792.13,5796.63,-0.0043,8863.59,703.42,2024-11-29 15:17:02
2023-02-09,5789.45,5846.5,5786.05,5846.5,0.0086,9242.41,762.31,2024-11-29 15:17:02
2023-02-10,5840.07,5854.73,5816.55,5838.51,-0.0014000000000000002,9717.02,764.01,2024-11-29 15:17:02
2023-02-13,5831.92,5863.01,5803.77,5860.59,0.0038,12075.28,1001.13,2024-11-29 15:17:02
2023-02-14,5869.45,5884.91,5860.02,5884.91,0.0040999999999999995,10347.22,853.46,2024-11-29 15:17:02
2023-02-15,5884.25,5887.36,5833.01,5842.9,-0.0070999999999999995,10967.15,893.09,2024-11-29 15:17:02
2023-02-16,5845.43,5907.82,5779.44,5808.0,-0.006,15041.59,1186.41,2024-11-29 15:17:02
2023-02-17,5804.68,5841.81,5778.84,5779.84,-0.0048,10855.83,886.94,2024-11-29 15:17:02
2023-02-20,5799.93,5946.72,5799.93,5945.13,0.0286,16146.76,1370.19,2024-11-29 15:17:02
2023-02-21,5952.84,5995.66,5937.88,5990.41,0.0076,14773.46,1236.58,2024-11-29 15:17:02
2023-02-22,5963.16,5976.8,5943.33,5948.6,-0.006999999999999999,10696.34,916.1,2024-11-29 15:17:02
2023-02-23,5957.87,5990.36,5930.03,5948.99,0.0001,10963.95,937.59,2024-11-29 15:17:02
2023-02-24,5945.69,5947.05,5881.06,5903.73,-0.0076,9372.64,785.24,2024-11-29 15:17:02
2023-02-27,5882.28,5911.47,5866.4,5875.56,-0.0048,9450.85,824.67,2024-11-29 15:17:02
2023-02-28,5887.85,5916.3,5854.99,5912.58,0.0063,10465.25,870.73,2024-11-29 15:17:02
2023-03-01,5912.19,6011.5,5909.99,6005.53,0.015700000000000002,14850.47,1197.42,2024-11-29 15:17:02
2023-03-02,5997.86,6052.09,5989.03,6033.17,0.0046,15242.46,1199.01,2024-11-29 15:17:02
2023-03-03,6042.31,6084.94,6023.8,6079.75,0.0077,16861.38,1247.29,2024-11-29 15:17:02
2023-03-06,6083.79,6090.41,6011.08,6017.97,-0.0102,16458.34,1360.97,2024-11-29 15:17:02
2023-03-07,6018.91,6094.85,5966.48,5971.87,-0.0077,20823.58,1562.05,2024-11-29 15:17:02
2023-03-08,5943.97,5955.5,5918.48,5955.5,-0.0027,12041.07,937.87,2024-11-29 15:17:02
2023-03-09,5959.49,5966.65,5912.89,5934.07,-0.0036,11571.53,916.46,2024-11-29 15:17:02
2023-03-10,5897.31,5908.93,5833.71,5834.41,-0.0168,12347.38,971.31,2024-11-29 15:17:02
2023-03-13,5832.57,5909.83,5832.57,5909.83,0.0129,13743.68,1118.71,2024-11-29 15:17:02
2023-03-14,5890.15,5910.29,5829.86,5861.16,-0.008199999999999999,14389.81,1203.56,2024-11-29 15:17:02
2023-03-15,5893.37,5938.59,5882.44,5923.5,0.0106,14943.23,1170.29,2024-11-29 15:17:02
2023-03-16,5882.05,5918.1,5865.42,5869.8,-0.0091,16299.08,1264.03,2024-11-29 15:17:02
2023-03-17,5905.53,5988.26,5905.53,5930.79,0.0104,17758.94,1431.1,2024-11-29 15:17:02
2023-03-20,5941.02,5991.18,5880.14,5885.84,-0.0076,20601.21,1607.2,2024-11-29 15:17:02
2023-03-21,5898.21,5925.8,5871.12,5892.08,0.0011,14333.76,1129.17,2024-11-29 15:17:02
2023-03-22,5907.58,5948.3,5894.69,5924.15,0.0054,13309.56,1077.84,2024-11-29 15:17:02
2023-03-23,5912.38,5966.79,5901.45,5966.79,0.0072,14023.85,1185.72,2024-11-29 15:17:02
2023-03-24,5958.72,5958.72,5901.47,5912.39,-0.0091,14897.09,1251.49,2024-11-29 15:17:02
2023-03-27,5907.46,5907.65,5830.13,5863.94,-0.008199999999999999,15328.97,1308.06,2024-11-29 15:17:02
2023-03-28,5880.03,5898.83,5857.2,5867.16,0.0005,13768.8,1149.14,2024-11-29 15:17:02
2023-03-29,5883.3,5885.58,5827.57,5838.04,-0.005,13614.69,1106.52,2024-11-29 15:17:02
2023-03-30,5840.64,5898.78,5803.53,5896.66,0.01,14539.87,1195.07,2024-11-29 15:17:02
2023-03-31,5896.38,5931.42,5890.97,5908.05,0.0019,13111.81,1124.5,2024-11-29 15:17:02
2023-04-03,5914.4,5962.31,5914.4,5954.06,0.0078000000000000005,16325.88,1447.77,2024-11-29 15:17:02
2023-04-04,5952.02,6007.97,5942.21,6007.97,0.0091,18108.07,1553.92,2024-11-29 15:17:02
2023-04-06,5999.31,6009.1,5977.12,5989.76,-0.003,13806.47,1247.35,2024-11-29 15:17:02
2023-04-07,5994.13,6020.09,5988.1,6014.87,0.0042,11814.56,1095.64,2024-11-29 15:17:02
2023-04-10,6016.36,6040.73,6001.31,6016.95,0.0003,14153.8,1256.41,2024-11-29 15:17:02
2023-04-11,6013.83,6032.89,5997.62,6030.55,0.0023,14227.75,1303.42,2024-11-29 15:17:02
2023-04-12,6035.79,6088.47,6033.36,6078.85,0.008,16428.32,1334.7,2024-11-29 15:17:02
2023-04-13,6064.27,6084.68,6037.53,6056.24,-0.0037,15696.14,1279.9,2024-11-29 15:17:02
2023-04-14,6072.25,6104.52,6056.04,6086.27,0.005,15132.25,1277.02,2024-11-29 15:17:02
2023-04-17,6079.9,6207.59,6074.66,6207.59,0.0199,20275.65,1767.92,2024-11-29 15:17:02
2023-04-18,6195.29,6252.55,6189.99,6241.98,0.0055000000000000005,17479.67,1592.81,2024-11-29 15:17:02
2023-04-19,6237.02,6244.04,6179.66,6191.32,-0.008100000000000001,16668.98,1436.65,2024-11-29 15:17:02
2023-04-20,6185.81,6217.81,6156.19,6217.3,0.0042,16211.73,1481.44,2024-11-29 15:17:02
2023-04-21,6215.3,6238.2,6103.48,6103.56,-0.0183,16863.71,1501.9,2024-11-29 15:17:02
2023-04-24,6108.03,6139.55,6052.49,6068.29,-0.0058,15955.56,1406.87,2024-11-29 15:17:02
2023-04-25,6075.48,6104.83,6007.52,6076.0,0.0013,16643.98,1425.85,2024-11-29 15:17:02
2023-04-26,6049.69,6061.88,5995.22,6036.37,-0.006500000000000001,15693.74,1335.18,2024-11-29 15:17:02
2023-04-27,6022.28,6108.66,6015.2,6092.84,0.009399999999999999,14775.42,1430.71,2024-11-29 15:17:02
2023-04-28,6089.23,6178.84,6082.2,6175.94,0.013600000000000001,18039.61,1656.57,2024-11-29 15:17:02
2023-05-04,6122.3,6265.94,6099.67,6258.5,0.0134,25193.12,2092.31,2024-11-29 15:17:02
2023-05-05,6260.04,6327.6,6223.58,6257.95,-0.0001,22680.99,1903.14,2024-11-29 15:17:02
2023-05-08,6266.67,6430.98,6266.67,6401.25,0.0229,29860.42,2414.19,2024-11-29 15:17:02
2023-05-09,6415.96,6477.63,6327.26,6331.88,-0.0108,31467.91,2570.02,2024-11-29 15:17:02
2023-05-10,6314.92,6324.21,6205.88,6227.26,-0.0165,23958.68,1846.67,2024-11-29 15:17:02
2023-05-11,6238.47,6276.95,6201.19,6207.51,-0.0032,16824.07,1317.37,2024-11-29 15:17:02
2023-05-12,6198.07,6240.46,6134.84,6137.64,-0.0113,16980.12,1333.32,2024-11-29 15:17:02
2023-05-15,6134.86,6204.45,6049.11,6198.96,0.01,19411.7,1523.72,2024-11-29 15:17:02
2023-05-16,6198.65,6221.8,6136.3,6152.22,-0.0075,14339.99,1185.87,2024-11-29 15:17:02
2023-05-17,6134.6,6161.82,6092.83,6116.64,-0.0058,12394.11,1035.46,2024-11-29 15:17:02
2023-05-18,6127.76,6186.35,6117.5,6139.17,0.0037,14316.88,1153.87,2024-11-29 15:17:02
2023-05-19,6116.94,6129.45,6063.51,6078.82,-0.0098,12789.14,1029.58,2024-11-29 15:17:02
2023-05-22,6070.19,6128.25,6066.01,6093.04,0.0023,11929.78,958.05,2024-11-29 15:17:02
2023-05-23,6089.95,6104.0,5995.8,5995.8,-0.016,13212.96,994.49,2024-11-29 15:17:02
2023-05-24,5983.31,5983.31,5873.73,5874.21,-0.0203,14338.53,1095.54,2024-11-29 15:17:02
2023-05-25,5859.4,5875.61,5802.16,5860.25,-0.0024,12771.18,1007.84,2024-11-29 15:17:02
2023-05-26,5854.17,5908.26,5828.74,5895.03,0.0059,11414.37,889.59,2024-11-29 15:17:02
2023-05-29,5904.69,5945.99,5893.14,5922.92,0.004699999999999999,14097.73,1116.31,2024-11-29 15:17:02
2023-05-30,5911.71,5947.29,5864.0,5931.54,0.0015,13905.23,1120.27,2024-11-29 15:17:02
2023-05-31,5910.41,5916.6,5871.29,5890.69,-0.0069,12508.7,1062.24,2024-11-29 15:17:02
2023-06-01,5869.39,5918.76,5845.68,5875.33,-0.0026,12680.48,1036.15,2024-11-29 15:17:02
2023-06-02,5895.21,5953.17,5895.21,5949.22,0.0126,12283.55,1023.72,2024-11-29 15:17:02
2023-06-05,5948.32,5987.96,5927.77,5963.46,0.0024,11609.51,904.08,2024-11-29 15:17:02
2023-06-06,5957.8,6034.38,5922.42,5931.44,-0.0054,12728.18,1001.35,2024-11-29 15:17:02
2023-06-07,5946.44,5977.94,5928.23,5951.54,0.0034000000000000002,9274.69,770.96,2024-11-29 15:17:02
2023-06-08,5947.31,6036.57,5916.59,6025.58,0.0124,12230.71,983.46,2024-11-29 15:17:02
2023-06-09,6025.13,6038.47,5999.16,6029.17,0.0006,12932.11,1098.79,2024-11-29 15:17:02
2023-06-12,6017.23,6022.14,5977.98,6000.86,-0.004699999999999999,12787.66,1096.86,2024-11-29 15:17:02
2023-06-13,5990.55,6009.6,5960.9,5988.88,-0.002,9928.45,871.97,2024-11-29 15:17:02
2023-06-14,5992.41,6022.93,5955.21,5957.79,-0.0052,11453.51,984.1,2024-11-29 15:17:02
2023-06-15,5964.06,5991.53,5945.75,5991.53,0.005699999999999999,11069.54,991.99,2024-11-29 15:17:02
2023-06-16,5999.0,6025.51,5994.59,6009.79,0.003,12006.34,1087.65,2024-11-29 15:17:02
2023-06-19,5995.17,5995.17,5933.38,5940.41,-0.0115,12043.5,1048.23,2024-11-29 15:17:02
2023-06-20,5934.07,5939.38,5891.74,5896.31,-0.0074,10333.66,931.18,2024-11-29 15:17:02
2023-06-21,5877.47,5907.95,5838.39,5838.39,-0.0098,10658.82,913.65,2024-11-29 15:17:02
2023-06-26,5810.21,5810.21,5742.55,5753.16,-0.0146,11815.31,971.89,2024-11-29 15:17:02
2023-06-27,5761.05,5862.52,5753.94,5849.25,0.0167,11182.24,925.29,2024-11-29 15:17:02
2023-06-28,5833.64,5859.89,5810.73,5856.88,0.0013,9605.79,835.57,2024-11-29 15:17:02
2023-06-29,5845.5,5849.62,5821.62,5826.58,-0.0052,8637.33,756.8,2024-11-29 15:17:02
2023-06-30,5823.43,5878.66,5821.32,5855.7,0.005,9294.39,814.5,2024-11-29 15:17:02
2023-07-03,5864.21,5942.75,5864.04,5935.1,0.013600000000000001,11649.16,1024.93,2024-11-29 15:17:02
2023-07-04,5933.45,5933.77,5888.47,5908.0,-0.0046,10241.75,884.23,2024-11-29 15:17:02
2023-07-05,5898.37,5915.08,5876.11,5883.85,-0.0040999999999999995,9060.48,768.98,2024-11-29 15:17:02
2023-07-06,5868.93,5897.13,5837.51,5848.29,-0.006,9155.19,751.77,2024-11-29 15:17:02
2023-07-07,5832.86,5875.27,5826.71,5851.88,0.0006,9596.53,777.97,2024-11-29 15:17:02
2023-07-10,5873.4,5883.22,5835.22,5857.36,0.0009,8563.69,751.33,2024-11-29 15:17:02
2023-07-11,5871.83,5885.42,5846.33,5878.94,0.0037,7846.66,674.48,2024-11-29 15:17:02
2023-07-12,5870.37,5892.73,5839.56,5844.73,-0.0058,9197.14,832.27,2024-11-29 15:17:02
2023-07-13,5851.59,5914.29,5851.59,5911.42,0.011399999999999999,10191.35,913.08,2024-11-29 15:17:02
2023-07-14,5914.77,5943.12,5905.56,5924.19,0.0022,10246.6,870.27,2024-11-29 15:17:02
2023-07-17,5891.36,5891.36,5850.26,5875.62,-0.008199999999999999,8795.17,745.74,2024-11-29 15:17:02
2023-07-18,5873.9,5873.9,5835.36,5854.67,-0.0036,8309.18,707.57,2024-11-29 15:17:02
2023-07-19,5843.94,5882.0,5842.4,5880.88,0.0045000000000000005,7696.25,653.69,2024-11-29 15:17:02
2023-07-20,5886.32,5902.59,5838.66,5845.72,-0.006,9030.94,779.54,2024-11-29 15:17:02
2023-07-21,5831.7,5860.69,5815.37,5829.8,-0.0027,7737.55,643.96,2024-11-29 15:17:02
2023-07-24,5815.01,5839.28,5791.11,5812.42,-0.003,7359.8,622.06,2024-11-29 15:17:02
2023-07-25,5885.41,5976.36,5885.41,5974.67,0.0279,15511.73,1401.79,2024-11-29 15:17:02
2023-07-26,5967.87,5981.86,5943.76,5966.87,-0.0013,11720.97,955.37,2024-11-29 15:17:02
2023-07-27,5967.15,6012.28,5947.95,5959.0,-0.0013,12392.34,964.56,2024-11-29 15:17:02
2023-07-28,5942.01,6113.69,5939.16,6103.16,0.0242,18518.23,1543.07,2024-11-29 15:17:02
2023-07-31,6138.77,6208.9,6126.04,6140.66,0.0060999999999999995,20394.18,1772.8,2024-11-29 15:17:02
2023-08-01,6132.45,6170.8,6104.61,6127.83,-0.0021,16608.66,1303.66,2024-11-29 15:17:02
2023-08-02,6107.45,6132.05,6047.35,6067.46,-0.009899999999999999,14515.24,1121.02,2024-11-29 15:17:02
2023-08-03,6057.59,6118.48,6033.66,6117.3,0.008199999999999999,13763.24,1129.13,2024-11-29 15:17:02
2023-08-04,6158.29,6202.28,6132.1,6133.17,0.0026,18912.62,1586.39,2024-11-29 15:17:02
2023-08-07,6107.19,6107.19,6069.03,6088.83,-0.0072,13468.27,1130.58,2024-11-29 15:17:02
2023-08-08,6071.26,6100.83,6043.19,6071.15,-0.0029,10815.05,939.98,2024-11-29 15:17:02
2023-08-09,6054.52,6072.87,6041.04,6048.95,-0.0037,9064.91,786.07,2024-11-29 15:17:02
2023-08-10,6042.53,6067.93,6021.87,6063.89,0.0025,9741.18,844.26,2024-11-29 15:17:02
2023-08-11,6059.61,6059.61,5932.08,5932.08,-0.0217,12392.71,1024.02,2024-11-29 15:17:02
2023-08-14,5875.26,5926.57,5850.84,5914.58,-0.003,10955.71,906.12,2024-11-29 15:17:02
2023-08-15,5914.68,5944.13,5876.59,5932.58,0.003,9576.13,794.6,2024-11-29 15:17:02
2023-08-16,5910.33,5950.29,5886.32,5906.42,-0.0044,9572.78,800.28,2024-11-29 15:17:02
2023-08-17,5880.84,5910.62,5851.78,5904.03,-0.0004,10094.32,826.08,2024-11-29 15:17:02
2023-08-18,5901.8,5943.85,5854.49,5854.49,-0.0084,10063.26,816.05,2024-11-29 15:17:02
2023-08-21,5849.53,5858.77,5777.3,5777.3,-0.0132,10069.53,834.87,2024-11-29 15:17:02
2023-08-22,5795.67,5848.21,5770.45,5835.68,0.0101,11365.99,919.0,2024-11-29 15:17:02
2023-08-23,5826.58,5840.36,5776.47,5778.64,-0.0098,9923.47,786.85,2024-11-29 15:17:02
2023-08-24,5794.82,5810.8,5748.43,5762.7,-0.0028000000000000004,12000.36,942.24,2024-11-29 15:17:02
2023-08-25,5741.83,5811.76,5736.49,5771.84,0.0016,10670.0,832.33,2024-11-29 15:17:02
2023-08-28,6059.53,6059.91,5847.09,5866.36,0.016399999999999998,19998.48,1670.53,2024-11-29 15:17:02
2023-08-29,5853.64,5887.37,5821.12,5866.23,0.0,16023.66,1259.66,2024-11-29 15:17:02
2023-08-30,5871.17,5872.0,5825.66,5830.49,-0.0060999999999999995,13252.99,1057.51,2024-11-29 15:17:02
2023-08-31,5835.43,5864.63,5793.24,5798.46,-0.0055000000000000005,12182.68,989.53,2024-11-29 15:17:02
2023-09-01,5816.3,5883.16,5816.3,5864.8,0.011399999999999999,12070.19,1022.87,2024-11-29 15:17:02
2023-09-04,5893.79,5980.58,5893.79,5967.8,0.0176,16137.45,1354.76,2024-11-29 15:17:02
2023-09-05,5952.25,5952.25,5905.53,5912.5,-0.009300000000000001,11253.32,912.89,2024-11-29 15:17:02
2023-09-06,5898.74,5921.34,5874.04,5912.44,0.0,9369.92,783.01,2024-11-29 15:17:02
2023-09-07,5902.61,5917.03,5864.19,5867.39,-0.0076,9794.72,790.69,2024-11-29 15:17:02
2023-09-08,5852.72,5861.96,5827.0,5846.03,-0.0036,7641.18,616.44,2024-11-29 15:17:02
2023-09-11,5858.5,5910.03,5852.11,5887.77,0.0070999999999999995,11028.69,928.6,2024-11-29 15:17:02
2023-09-12,5884.2,5895.07,5871.58,5878.33,-0.0016,7984.79,673.7,2024-11-29 15:17:02
2023-09-13,5884.05,5903.22,5845.14,5867.26,-0.0019,9172.46,718.16,2024-11-29 15:17:02
2023-09-14,5872.89,5914.9,5866.91,5906.44,0.0067,11732.02,919.21,2024-11-29 15:17:02
2023-09-15,5921.63,5939.1,5858.62,5874.8,-0.0054,12136.51,978.66,2024-11-29 15:17:02
2023-09-18,5865.27,5880.11,5834.17,5877.26,0.0004,9652.77,780.24,2024-11-29 15:17:02
2023-09-19,5873.83,5900.47,5865.74,5896.39,0.0033,9765.27,763.99,2024-11-29 15:17:02
2023-09-20,5892.26,5904.77,5869.32,5890.59,-0.001,8859.49,687.98,2024-11-29 15:17:02
2023-09-21,5886.17,5905.76,5850.57,5850.94,-0.0067,9169.46,702.85,2024-11-29 15:17:02
2023-09-22,5853.8,5923.29,5842.07,5922.14,0.012199999999999999,11432.61,941.65,2024-11-29 15:17:02
2023-09-25,5914.63,5918.62,5881.89,5885.31,-0.0062,10124.39,811.89,2024-11-29 15:17:02
2023-09-26,5884.79,5898.82,5854.83,5854.83,-0.0052,8085.59,662.93,2024-11-29 15:17:02
2023-09-27,5859.19,5882.98,5847.57,5852.51,-0.0004,8711.66,712.62,2024-11-29 15:17:02
2023-09-28,5869.45,5877.24,5838.59,5842.92,-0.0016,8202.4,685.85,2024-11-29 15:17:02
2023-10-09,5820.48,5835.79,5772.63,5824.65,-0.0031,9831.69,795.85,2024-11-29 15:17:02
2023-10-10,5837.57,5851.14,5762.83,5765.21,-0.0102,9863.32,760.96,2024-11-29 15:17:02
2023-10-11,5781.25,5790.92,5744.07,5751.71,-0.0023,9473.09,744.86,2024-11-29 15:17:02
2023-10-12,5799.49,5835.74,5790.27,5822.79,0.0124,11521.41,868.93,2024-11-29 15:17:02
2023-10-13,5792.89,5802.48,5777.89,5792.76,-0.0052,9502.87,718.17,2024-11-29 15:17:02
2023-10-16,5797.05,5800.53,5765.01,5780.38,-0.0021,9297.5,742.25,2024-11-29 15:17:02
2023-10-17,5789.19,5815.39,5771.93,5809.46,0.005,9811.73,780.4,2024-11-29 15:17:02
2023-10-18,5799.24,5803.82,5764.94,5767.56,-0.0072,10078.12,773.36,2024-11-29 15:17:02
2023-10-19,5745.32,5745.32,5653.96,5654.87,-0.0195,11616.68,893.15,2024-11-29 15:17:02
2023-10-20,5639.04,5665.69,5618.92,5626.67,-0.005,9830.1,763.24,2024-11-29 15:17:02
2023-10-23,5606.04,5614.72,5521.48,5552.16,-0.0132,10169.67,764.48,2024-11-29 15:17:02
2023-10-24,5561.65,5581.08,5530.62,5573.7,0.0039000000000000003,11544.97,895.19,2024-11-29 15:17:02
2023-10-25,5620.93,5630.39,5579.38,5585.48,0.0021,12784.49,994.03,2024-11-29 15:17:02
2023-10-26,5559.17,5609.5,5552.01,5605.08,0.0034999999999999996,10322.55,794.99,2024-11-29 15:17:02
2023-10-27,5588.22,5652.95,5578.08,5630.81,0.0046,11465.57,931.07,2024-11-29 15:17:02
2023-10-30,5610.28,5623.11,5567.03,5590.5,-0.0072,13406.62,1053.47,2024-11-29 15:17:02
2023-10-31,5585.83,5603.65,5564.63,5586.97,-0.0006,11066.63,895.27,2024-11-29 15:17:02
2023-11-01,5596.64,5598.37,5562.01,5576.63,-0.0019,9087.87,734.67,2024-11-29 15:17:02
2023-11-02,5582.76,5621.93,5572.81,5573.99,-0.0005,8955.26,696.75,2024-11-29 15:17:02
2023-11-03,5579.52,5604.69,5571.94,5574.32,0.0001,9165.73,706.39,2024-11-29 15:17:02
2023-11-06,5602.44,5609.21,5575.97,5600.89,0.0048,14244.05,1159.43,2024-11-29 15:17:02
2023-11-07,5593.76,5599.57,5568.74,5587.26,-0.0024,10881.7,899.91,2024-11-29 15:17:02
2023-11-08,5576.12,5587.75,5542.51,5562.8,-0.0044,10819.54,893.0,2024-11-29 15:17:02
2023-11-09,5553.85,5586.98,5550.96,5572.47,0.0017000000000000001,10780.29,914.84,2024-11-29 15:17:02
2023-11-10,5558.5,5564.3,5520.5,5542.42,-0.0054,9595.11,795.64,2024-11-29 15:17:02
2023-11-13,5547.69,5552.92,5502.13,5538.25,-0.0008,9803.76,792.87,2024-11-29 15:17:02
2023-11-14,5538.77,5559.28,5526.43,5544.22,0.0011,9742.64,790.41,2024-11-29 15:17:02
2023-11-15,5580.06,5591.56,5567.62,5580.99,0.0066,10038.8,852.37,2024-11-29 15:17:02
2023-11-16,5571.52,5580.77,5546.77,5554.69,-0.004699999999999999,8607.51,691.42,2024-11-29 15:17:02
2023-11-17,5541.83,5547.4,5510.98,5539.57,-0.0027,8314.4,676.33,2024-11-29 15:17:02
2023-11-20,5543.03,5564.48,5519.87,5555.79,0.0029,8543.54,695.5,2024-11-29 15:17:02
2023-11-21,5567.17,5609.03,5562.18,5568.25,0.0022,10789.57,866.7,2024-11-29 15:17:02
2023-11-22,5557.03,5571.84,5536.48,5536.48,-0.005699999999999999,8367.41,657.36,2024-11-29 15:17:02
2023-11-23,5533.69,5571.54,5520.06,5569.64,0.006,8123.52,650.14,2024-11-29 15:17:02
2023-11-24,5567.08,5576.54,5547.61,5557.08,-0.0023,9296.08,684.71,2024-11-29 15:17:02
2023-11-27,5555.31,5555.31,5492.23,5520.19,-0.0066,10416.8,826.89,2024-11-29 15:17:02
2023-11-28,5517.52,5519.54,5498.4,5516.67,-0.0006,8592.97,659.17,2024-11-29 15:17:02
2023-11-29,5519.69,5519.69,5460.16,5467.79,-0.0089,9652.56,749.99,2024-11-29 15:17:02
2023-11-30,5464.92,5491.63,5463.06,5483.11,0.0028000000000000004,9563.01,748.68,2024-11-29 15:17:02
2023-12-01,5482.5,5493.73,5453.07,5485.46,0.0004,9989.77,814.18,2024-11-29 15:17:02
2023-12-04,5487.42,5500.6,5468.11,5469.8,-0.0029,9351.49,758.88,2024-11-29 15:17:02
2023-12-05,5460.84,5460.84,5384.83,5385.45,-0.0154,9503.5,751.45,2024-11-29 15:17:02
2023-12-06,5377.51,5400.04,5346.55,5377.09,-0.0016,9670.32,761.55,2024-11-29 15:17:02
2023-12-07,5372.51,5400.85,5342.5,5384.41,0.0014000000000000002,9402.98,748.29,2024-11-29 15:17:02
2023-12-08,5379.6,5412.92,5369.36,5383.05,-0.0003,12698.23,951.67,2024-11-29 15:17:02
2023-12-11,5363.97,5428.18,5309.81,5419.94,0.0069,13667.38,1080.4,2024-11-29 15:17:02
2023-12-12,5413.54,5456.6,5399.25,5456.16,0.0067,10224.6,829.52,2024-11-29 15:17:02
2023-12-13,5443.23,5443.23,5393.5,5393.67,-0.0115,8510.45,717.13,2024-11-29 15:17:02
2023-12-14,5414.92,5429.25,5381.42,5382.44,-0.0021,7545.45,633.0,2024-11-29 15:17:02
2023-12-15,5400.62,5424.7,5359.18,5360.76,-0.004,8985.5,757.28,2024-11-29 15:17:02
2023-12-18,5345.92,5386.74,5324.09,5352.83,-0.0015,8934.38,697.25,2024-11-29 15:17:02
2023-12-19,5348.57,5362.3,5317.31,5347.59,-0.001,7709.37,603.55,2024-11-29 15:17:02
2023-12-20,5348.17,5367.35,5309.04,5309.04,-0.0072,8656.74,707.78,2024-11-29 15:17:02
2023-12-21,5295.73,5341.4,5281.55,5333.8,0.004699999999999999,9290.36,756.0,2024-11-29 15:17:02
2023-12-22,5335.26,5380.68,5321.16,5348.82,0.0028000000000000004,10077.47,830.72,2024-11-29 15:17:02
2023-12-25,5337.67,5354.14,5321.79,5349.89,0.0002,7107.36,606.84,2024-11-29 15:17:02
2023-12-26,5349.53,5361.66,5324.01,5330.59,-0.0036,7466.73,638.79,2024-11-29 15:17:02
2023-12-27,5332.34,5365.54,5308.98,5360.98,0.005699999999999999,8953.46,707.09,2024-11-29 15:17:02
2023-12-28,5360.6,5428.63,5354.84,5420.09,0.011000000000000001,13368.89,1109.43,2024-11-29 15:17:02
2023-12-29,5409.57,5449.47,5407.91,5449.47,0.0054,9951.84,837.77,2024-11-29 15:17:02
2024-01-02,5438.96,5461.88,5430.24,5439.45,-0.0018,11807.49,951.63,2024-11-29 15:17:02
2024-01-03,5432.49,5474.18,5429.55,5469.98,0.005600000000000001,10911.74,864.89,2024-11-29 15:17:02
2024-01-04,5466.86,5483.41,5424.27,5464.01,-0.0011,10567.52,862.54,2024-11-29 15:17:02
2024-01-05,5457.0,5525.13,5441.5,5466.99,0.0005,12654.17,1014.49,2024-11-29 15:17:02
2024-01-08,5458.9,5470.07,5412.15,5413.57,-0.0098,10871.43,863.77,2024-11-29 15:17:02
2024-01-09,5408.44,5441.0,5384.02,5429.51,0.0029,9996.74,804.22,2024-11-29 15:17:02
2024-01-10,5418.46,5438.87,5398.81,5398.81,-0.005699999999999999,8383.34,715.19,2024-11-29 15:17:02
2024-01-11,5392.56,5423.64,5368.79,5399.91,0.0002,10118.8,851.37,2024-11-29 15:17:02
2024-01-12,5387.16,5446.9,5385.75,5411.98,0.0022,9079.12,737.01,2024-11-29 15:17:02
2024-01-15,5399.0,5457.85,5394.13,5435.51,0.0043,8519.59,703.65,2024-11-29 15:17:02
2024-01-16,5425.51,5467.2,5409.11,5467.04,0.0058,10432.96,836.38,2024-11-29 15:17:02
2024-01-17,5455.63,5466.76,5389.46,5389.46,-0.014199999999999999,10385.74,833.16,2024-11-29 15:17:02
2024-01-18,5371.67,5409.65,5250.44,5401.35,0.0022,16525.17,1254.76,2024-11-29 15:17:02
2024-01-19,5381.27,5406.87,5356.56,5384.17,-0.0032,10358.8,855.14,2024-11-29 15:17:02
2024-01-22,5372.09,5391.74,5242.73,5276.42,-0.02,14062.3,1109.89,2024-11-29 15:17:02
2024-01-23,5261.68,5339.76,5220.67,5312.45,0.0068000000000000005,11547.72,891.46,2024-11-29 15:17:02
2024-01-24,5331.51,5438.13,5293.95,5434.29,0.0229,14655.49,1085.68,2024-11-29 15:17:02
2024-01-25,5442.34,5582.23,5435.24,5580.48,0.0269,19224.11,1447.1,2024-11-29 15:17:02
2024-01-26,5572.83,5643.92,5567.56,5626.32,0.008199999999999999,18153.37,1359.59,2024-11-29 15:17:02
2024-01-29,5637.93,5699.52,5626.8,5628.52,0.0004,19040.93,1440.76,2024-11-29 15:17:02
2024-01-30,5599.45,5653.49,5555.71,5556.82,-0.0127,14648.05,1107.75,2024-11-29 15:17:02
2024-01-31,5531.08,5586.95,5493.07,5528.56,-0.0051,15576.64,1187.59,2024-11-29 15:17:02
2024-02-01,5499.77,5539.26,5466.61,5486.53,-0.0076,14451.56,1092.87,2024-11-29 15:17:02
2024-02-02,5487.85,5536.33,5335.5,5455.17,-0.005699999999999999,17690.26,1312.12,2024-11-29 15:17:02
2024-02-05,5432.5,5514.54,5338.69,5459.61,0.0008,21102.06,1531.19,2024-11-29 15:17:02
2024-02-06,5433.34,5622.46,5429.54,5608.26,0.027200000000000002,21088.55,1582.65,2024-11-29 15:17:02
2024-02-07,5604.55,5696.79,5573.24,5696.79,0.0158,25101.27,1866.2,2024-11-29 15:17:02
2024-02-08,5695.52,5740.2,5671.15,5704.67,0.0014000000000000002,22432.35,1688.6,2024-11-29 15:17:02
2024-02-19,5736.37,5780.26,5681.06,5780.16,0.0132,19434.07,1516.17,2024-11-29 15:17:02
2024-02-20,5767.79,5828.08,5747.88,5819.81,0.0069,14602.13,1203.14,2024-11-29 15:17:02
2024-02-21,5794.07,5951.01,5779.5,5874.35,0.009399999999999999,18847.87,1567.18,2024-11-29 15:17:02
2024-02-22,5860.13,5927.29,5857.34,5927.29,0.009000000000000001,14260.82,1212.69,2024-11-29 15:17:02
2024-02-23,5932.94,5970.22,5906.4,5928.53,0.0002,14994.15,1266.53,2024-11-29 15:17:02
2024-02-26,5918.26,5929.47,5821.21,5834.65,-0.0158,16009.27,1319.88,2024-11-29 15:17:02
2024-02-27,5818.53,5878.97,5810.56,5878.97,0.0076,13293.71,1113.53,2024-11-29 15:17:02
2024-02-28,5877.65,5913.19,5837.24,5837.24,-0.0070999999999999995,18961.33,1555.76,2024-11-29 15:17:02
2024-02-29,5814.96,5906.07,5814.96,5904.99,0.0116,15051.42,1275.36,2024-11-29 15:17:02
2024-03-01,5900.67,5928.53,5891.52,5920.42,0.0026,14098.06,1215.44,2024-11-29 15:17:02
2024-03-04,5915.64,5934.44,5894.26,5931.82,0.0019,15062.02,1353.19,2024-11-29 15:17:02
2024-03-05,5915.02,5980.35,5907.08,5970.25,0.006500000000000001,15067.14,1336.35,2024-11-29 15:17:02
2024-03-06,5962.56,5988.34,5946.3,5951.08,-0.0032,12897.38,1131.91,2024-11-29 15:17:02
2024-03-07,5952.73,6026.98,5952.73,5970.92,0.0033,14663.34,1256.61,2024-11-29 15:17:02
2024-03-08,5968.79,6001.42,5947.19,6000.39,0.0049,12645.65,1096.79,2024-11-29 15:17:02
2024-03-11,5993.85,6011.42,5941.71,5993.66,-0.0011,14687.82,1329.05,2024-11-29 15:17:02
2024-03-12,5986.44,5986.86,5905.09,5920.04,-0.0123,17198.08,1577.97,2024-11-29 15:17:02
2024-03-13,5908.65,5908.65,5848.77,5874.42,-0.0077,13491.34,1276.97,2024-11-29 15:17:02
2024-03-14,5867.63,5913.69,5856.94,5878.27,0.0007000000000000001,14049.58,1271.06,2024-11-29 15:17:02
2024-03-15,5872.79,5900.29,5841.74,5899.03,0.0034999999999999996,14411.63,1250.61,2024-11-29 15:17:02
2024-03-18,5895.57,5924.11,5877.54,5916.48,0.003,15202.32,1376.45,2024-11-29 15:17:02
2024-03-19,5904.19,5919.2,5867.87,5869.14,-0.008,13237.01,1204.03,2024-11-29 15:17:02
2024-03-20,5859.57,5903.54,5843.03,5892.14,0.0039000000000000003,11964.44,1092.24,2024-11-29 15:17:02
2024-03-21,5899.14,5912.5,5878.78,5893.72,0.0003,11628.9,1074.96,2024-11-29 15:17:02
2024-03-22,5878.02,5885.67,5810.27,5849.28,-0.0075,12963.41,1173.88,2024-11-29 15:17:02
2024-03-25,5834.73,5911.94,5830.53,5851.05,0.0003,13532.07,1199.4,2024-11-29 15:17:02
2024-03-26,5855.09,5880.01,5834.31,5875.9,0.0042,12290.59,1088.02,2024-11-29 15:17:02
2024-03-27,5864.55,5904.28,5846.28,5846.28,-0.005,12105.56,1066.75,2024-11-29 15:17:02
2024-03-28,5840.39,5891.72,5810.75,5849.87,0.0006,13464.58,1125.38,2024-11-29 15:17:02
2024-03-29,5837.55,5902.1,5836.97,5902.02,0.0089,12977.55,1114.16,2024-11-29 15:17:02
2024-04-01,5914.6,5964.94,5914.6,5962.51,0.0102,14909.98,1320.01,2024-11-29 15:17:02
2024-04-02,5959.24,5990.3,5950.16,5966.61,0.0007000000000000001,14419.56,1232.75,2024-11-29 15:17:02
2024-04-03,5964.35,5984.31,5939.64,5979.06,0.0021,14120.56,1257.41,2024-11-29 15:17:02
2024-04-08,5961.39,6020.89,5935.72,5965.92,-0.0022,16981.13,1459.57,2024-11-29 15:17:02
2024-04-09,5962.64,5979.16,5915.26,5934.83,-0.0052,13021.96,1127.64,2024-11-29 15:17:02
2024-04-10,5929.33,5967.97,5899.48,5924.97,-0.0017000000000000001,13306.99,1161.65,2024-11-29 15:17:02
2024-04-11,5896.31,5976.59,5886.7,5946.11,0.0036,13735.44,1182.73,2024-11-29 15:17:02
2024-04-12,5943.59,5953.8,5896.3,5906.77,-0.0066,12994.76,1160.23,2024-11-29 15:17:02
2024-04-15,5904.63,6040.36,5893.18,6039.94,0.0225,19922.58,1664.27,2024-11-29 15:17:02
2024-04-16,6017.17,6062.51,5969.9,5995.97,-0.0073,19791.7,1661.21,2024-11-29 15:17:02
2024-04-17,5985.3,6096.65,5958.49,6096.42,0.0168,18280.48,1505.91,2024-11-29 15:17:02
2024-04-18,6076.34,6172.61,6071.74,6117.75,0.0034999999999999996,19183.88,1658.83,2024-11-29 15:17:02
2024-04-19,6092.35,6157.2,6092.35,6120.06,0.0004,16376.87,1436.7,2024-11-29 15:17:02
2024-04-22,6119.47,6158.51,6050.71,6053.1,-0.0109,16501.54,1455.82,2024-11-29 15:17:02
2024-04-23,6034.6,6044.28,5960.98,5971.57,-0.013500000000000002,15049.02,1290.94,2024-11-29 15:17:02
2024-04-24,5979.99,5993.5,5942.65,5991.11,0.0033,12425.24,1106.45,2024-11-29 15:17:02
2024-04-25,5973.99,6033.48,5968.85,6025.43,0.005699999999999999,11574.69,1051.32,2024-11-29 15:17:02
2024-04-26,6021.99,6072.73,5995.74,6061.36,0.006,20062.38,1748.53,2024-11-29 15:17:02
2024-04-29,6051.67,6109.92,6022.56,6096.62,0.0058,22274.68,1978.07,2024-11-29 15:17:02
2024-04-30,6083.17,6135.18,6082.52,6094.71,-0.0003,19413.43,1726.7,2024-11-29 15:17:02
2024-05-06,6153.97,6163.01,6118.18,6152.24,0.009399999999999999,20613.73,1880.33,2024-11-29 15:17:02
2024-05-07,6148.68,6166.22,6130.55,6156.76,0.0007000000000000001,15965.54,1414.85,2024-11-29 15:17:02
2024-05-08,6141.37,6158.11,6123.07,6126.72,-0.0049,13225.46,1175.09,2024-11-29 15:17:02
2024-05-09,6127.26,6199.51,6127.26,6185.06,0.0095,14489.56,1290.26,2024-11-29 15:17:02
2024-05-10,6194.85,6240.4,6176.83,6231.82,0.0076,15446.97,1366.09,2024-11-29 15:17:02
2024-05-13,6207.42,6269.15,6182.15,6253.31,0.0034000000000000002,16292.75,1437.78,2024-11-29 15:17:02
2024-05-14,6253.46,6256.91,6204.38,6223.67,-0.004699999999999999,14031.84,1280.72,2024-11-29 15:17:02
2024-05-15,6207.56,6223.45,6177.9,6185.74,-0.0060999999999999995,13031.08,1196.59,2024-11-29 15:17:02
2024-05-16,6197.31,6245.55,6189.53,6213.11,0.0044,16437.57,1476.41,2024-11-29 15:17:02
2024-05-17,6217.46,6286.06,6188.77,6286.06,0.011699999999999999,16934.54,1533.03,2024-11-29 15:17:02
2024-05-20,6292.9,6331.53,6283.12,6317.61,0.005,19296.32,1777.87,2024-11-29 15:17:02
2024-05-21,6306.51,6324.16,6285.75,6307.32,-0.0016,13894.3,1252.4,2024-11-29 15:17:02
2024-05-22,6303.24,6340.77,6292.58,6302.96,-0.0007000000000000001,15355.8,1365.2,2024-11-29 15:17:02
2024-05-23,6276.45,6277.27,6215.14,6231.35,-0.011399999999999999,14934.12,1293.02,2024-11-29 15:17:02
2024-05-24,6214.3,6268.93,6195.46,6198.45,-0.0053,12805.96,1117.87,2024-11-29 15:17:02
2024-05-27,6210.41,6283.41,6210.41,6279.48,0.0131,14119.74,1254.28,2024-11-29 15:17:02
2024-05-28,6280.54,6297.61,6237.61,6246.89,-0.0052,13227.73,1140.51,2024-11-29 15:17:02
2024-05-29,6239.59,6286.35,6225.38,6243.61,-0.0005,12526.91,1096.44,2024-11-29 15:17:02
2024-05-30,6231.13,6264.35,6172.18,6186.61,-0.0091,12997.07,1121.45,2024-11-29 15:17:02
2024-05-31,6194.86,6215.04,6167.68,6167.68,-0.0031,11575.87,1023.91,2024-11-29 15:17:02
2024-06-03,6161.13,6187.53,6121.98,6154.82,-0.0021,15428.03,1304.52,2024-11-29 15:17:02
2024-06-04,6143.47,6209.88,6127.96,6198.91,0.0072,13229.76,1166.52,2024-11-29 15:17:02
2024-06-05,6192.51,6196.53,6131.35,6133.01,-0.0106,11566.66,1023.72,2024-11-29 15:17:02
2024-06-06,6140.86,6190.26,6129.41,6144.61,0.0019,14402.24,1284.19,2024-11-29 15:17:02
2024-06-07,6151.33,6168.96,6115.38,6157.63,0.0021,13056.71,1135.75,2024-11-29 15:17:02
2024-06-11,6137.27,6156.46,6050.91,6069.75,-0.0143,14412.28,1225.26,2024-11-29 15:17:02
2024-06-12,6060.47,6099.77,6036.55,6087.9,0.003,12458.92,1094.43,2024-11-29 15:17:02
2024-06-13,6084.36,6085.99,6021.18,6035.66,-0.0086,12508.26,1086.02,2024-11-29 15:17:02
2024-06-14,6015.51,6072.66,6009.14,6058.43,0.0038,16685.14,1458.54,2024-11-29 15:17:02
2024-06-17,6033.24,6051.69,5992.7,5999.7,-0.0097,12962.47,1146.61,2024-11-29 15:17:02
2024-06-18,6001.95,6038.12,5973.87,6029.46,0.005,10811.66,967.01,2024-11-29 15:17:02
2024-06-19,6029.19,6051.44,6017.51,6027.78,-0.0003,9620.58,886.15,2024-11-29 15:17:02
2024-06-20,6024.71,6041.96,5994.64,6002.35,-0.0042,10613.77,937.4,2024-11-29 15:17:02
2024-06-21,5992.93,6022.97,5975.56,6001.0,-0.0002,10087.41,915.58,2024-11-29 15:17:02
2024-06-24,5982.83,6007.85,5942.57,5970.88,-0.005,11520.63,996.71,2024-11-29 15:17:02
2024-06-25,5967.11,6007.81,5948.34,5973.34,0.0004,10950.91,946.78,2024-11-29 15:17:02
2024-06-26,5959.08,5990.72,5930.55,5981.69,0.0014000000000000002,10948.13,864.19,2024-11-29 15:17:02
2024-06-27,5959.64,5978.02,5929.73,5946.36,-0.0059,12111.65,962.86,2024-11-29 15:17:02
2024-06-28,5932.2,6018.9,5932.2,5990.7,0.0075,13153.13,1062.5,2024-11-29 15:17:02
2024-07-01,5985.79,6079.42,5985.79,6075.99,0.014199999999999999,12608.39,1062.05,2024-11-29 15:17:02
2024-07-02,6069.32,6093.21,6054.38,6077.66,0.0003,12652.63,1091.6,2024-11-29 15:17:02
2024-07-03,6072.64,6087.67,6029.84,6039.17,-0.0063,10133.63,880.29,2024-11-29 15:17:02
2024-07-04,6043.81,6072.2,6013.85,6017.15,-0.0036,10969.53,879.15,2024-11-29 15:17:02
2024-07-05,6014.89,6025.89,5927.98,5973.5,-0.0073,11761.05,1003.56,2024-11-29 15:17:02
2024-07-08,5953.52,5976.41,5940.12,5950.05,-0.0039000000000000003,11962.75,1010.39,2024-11-29 15:17:02
2024-07-09,5935.09,6007.58,5911.79,5999.62,0.0083,13103.8,1082.07,2024-11-29 15:17:02
2024-07-10,5973.94,5991.92,5939.3,5944.78,-0.0091,12687.69,1074.11,2024-11-29 15:17:02
2024-07-11,5958.5,5968.9,5932.86,5965.64,0.0034999999999999996,13400.79,1151.28,2024-11-29 15:17:02
2024-07-12,5950.71,5992.06,5948.4,5974.89,0.0016,12967.14,1104.78,2024-11-29 15:17:02
2024-07-15,5961.64,6008.24,5949.29,6001.93,0.0045000000000000005,11262.86,923.9,2024-11-29 15:17:02
2024-07-16,5983.14,5988.24,5954.86,5981.16,-0.0034999999999999996,10895.65,923.66,2024-11-29 15:17:02
2024-07-17,5972.5,5981.11,5939.51,5960.51,-0.0034999999999999996,11386.7,1081.71,2024-11-29 15:17:02
2024-07-18,5939.19,5995.64,5913.59,5992.19,0.0053,10350.3,965.28,2024-11-29 15:17:02
2024-07-19,5964.63,5987.87,5931.71,5976.94,-0.0025,10703.5,977.66,2024-11-29 15:17:02
2024-07-22,5965.51,5967.98,5883.57,5915.57,-0.0103,11025.57,1009.11,2024-11-29 15:17:02
2024-07-23,5910.38,5917.86,5857.45,5857.45,-0.0098,11856.31,1001.57,2024-11-29 15:17:02
2024-07-24,5847.25,5871.31,5817.41,5843.34,-0.0024,13294.88,989.77,2024-11-29 15:17:02
2024-07-25,5830.82,5834.32,5768.48,5807.05,-0.0062,11401.55,978.79,2024-11-29 15:17:02
2024-07-26,5813.54,5833.52,5767.69,5804.51,-0.0004,11082.61,1000.39,2024-11-29 15:17:02
2024-07-29,5801.66,5828.09,5777.21,5819.78,0.0026,9926.42,867.31,2024-11-29 15:17:02
2024-07-30,5805.68,5805.95,5752.61,5771.55,-0.0083,9737.14,847.37,2024-11-29 15:17:02
2024-07-31,5770.23,5860.2,5762.17,5855.73,0.0146,15132.97,1302.93,2024-11-29 15:17:02
2024-08-01,5856.49,5888.62,5849.25,5849.85,-0.001,12348.54,1063.81,2024-11-29 15:17:02
2024-08-02,5817.19,5842.7,5798.0,5802.58,-0.008100000000000001,9977.83,856.25,2024-11-29 15:17:02
2024-08-05,5776.15,5824.22,5731.08,5731.19,-0.0123,12491.36,1085.47,2024-11-29 15:17:02
2024-08-06,5758.4,5781.51,5669.39,5705.51,-0.0045000000000000005,10713.24,939.58,2024-11-29 15:17:02
2024-08-07,5699.64,5751.21,5686.7,5714.96,0.0017000000000000001,9012.3,784.58,2024-11-29 15:17:02
2024-08-08,5712.37,5747.85,5696.71,5727.87,0.0023,9118.01,761.15,2024-11-29 15:17:02
2024-08-09,5738.09,5757.36,5716.89,5716.89,-0.0019,10252.75,778.13,2024-11-29 15:17:02
2024-08-12,5710.95,5733.15,5703.8,5713.57,-0.0006,8641.67,665.65,2024-11-29 15:17:02
2024-08-13,5719.21,5731.65,5693.78,5730.42,0.0029,8276.06,650.91,2024-11-29 15:17:02
2024-08-14,5726.36,5729.22,5701.7,5702.86,-0.0048,8031.32,675.16,2024-11-29 15:17:02
2024-08-15,5694.47,5778.69,5681.45,5765.46,0.011000000000000001,10171.38,830.9,2024-11-29 15:17:02
2024-08-16,5767.11,5796.74,5759.35,5779.09,0.0024,9810.37,784.88,2024-11-29 15:17:02
2024-08-19,5779.26,5840.14,5779.21,5836.04,0.009899999999999999,10811.23,840.1,2024-11-29 15:17:02
2024-08-20,5845.04,5845.47,5772.29,5795.02,-0.006999999999999999,10895.47,868.24,2024-11-29 15:17:02
2024-08-21,5782.66,5785.67,5741.85,5773.57,-0.0037,9771.88,765.29,2024-11-29 15:17:02
2024-08-22,5772.21,5798.07,5765.94,5779.68,0.0011,9974.58,808.76,2024-11-29 15:17:02
2024-08-23,5776.48,5828.1,5773.87,5814.25,0.006,9054.17,798.56,2024-11-29 15:17:02
2024-08-26,5820.07,5828.46,5785.13,5817.2,0.0005,9420.56,812.18,2024-11-29 15:17:02
2024-08-27,5809.19,5819.35,5788.26,5807.55,-0.0017000000000000001,9681.15,831.29,2024-11-29 15:17:02
2024-08-28,5797.0,5811.67,5752.8,5771.02,-0.0063,9931.23,834.76,2024-11-29 15:17:02
2024-08-29,5757.95,5758.15,5684.25,5687.14,-0.014499999999999999,13117.53,1059.72,2024-11-29 15:17:02
2024-08-30,5675.4,5751.86,5664.96,5697.02,0.0017000000000000001,18724.02,1569.7,2024-11-29 15:17:02
2024-09-02,5677.27,5709.3,5663.14,5667.18,-0.0052,15860.64,1255.55,2024-11-29 15:17:02
2024-09-03,5661.64,5672.11,5614.76,5635.31,-0.005600000000000001,13372.37,1050.89,2024-11-29 15:17:02
2024-09-04,5609.26,5630.06,5593.02,5596.17,-0.0069,11167.09,910.22,2024-11-29 15:17:02
2024-09-05,5597.19,5616.73,5575.43,5595.9,0.0,9780.97,837.64,2024-11-29 15:17:02
2024-09-06,5597.34,5637.1,5563.21,5564.94,-0.0055000000000000005,9044.29,768.01,2024-11-29 15:17:02
2024-09-09,5542.79,5542.79,5463.9,5479.14,-0.0154,11433.93,960.52,2024-11-29 15:17:02
2024-09-10,5478.92,5490.17,5442.09,5480.17,0.0002,10665.52,851.9,2024-11-29 15:17:02
2024-09-11,5459.91,5459.91,5392.39,5412.09,-0.0124,11101.78,925.03,2024-11-29 15:17:02
2024-09-12,5412.15,5441.52,5405.18,5420.77,0.0016,10377.22,843.73,2024-11-29 15:17:02
2024-09-13,5423.46,5466.74,5414.93,5414.93,-0.0011,9467.08,806.89,2024-11-29 15:17:02
2024-09-18,5415.87,5481.53,5412.85,5473.37,0.0108,9744.79,769.0,2024-11-29 15:17:02
2024-09-19,5473.81,5521.41,5433.06,5509.81,0.0067,12865.17,1030.02,2024-11-29 15:17:02
2024-09-20,5501.75,5537.26,5485.56,5526.75,0.0031,11300.49,940.07,2024-11-29 15:17:02
2024-09-23,5521.86,5598.03,5520.79,5577.42,0.0092,10017.37,844.77,2024-11-29 15:17:02
2024-09-24,5619.17,5803.73,5611.2,5803.73,0.0406,19839.57,1644.2,2024-11-29 15:17:02
2024-09-25,5885.42,5996.69,5874.38,5889.87,0.0148,24442.4,2033.94,2024-11-29 15:17:02
2024-09-26,5887.36,6117.4,5880.33,6117.4,0.038599999999999995,25161.49,2076.31,2024-11-29 15:17:02
2024-09-27,6215.56,6262.43,6117.33,6223.61,0.0174,24463.85,2141.78,2024-11-29 15:17:02
2024-09-30,6395.26,6692.08,6332.1,6641.48,0.06709999999999999,48564.83,4441.16,2024-11-29 15:17:02
2024-10-08,7252.12,7252.12,6650.02,6850.06,0.031400000000000004,58208.95,5649.45,2024-11-29 15:17:02
2024-10-09,6732.52,6732.52,6367.2,6367.2,-0.0705,41675.04,3937.89,2024-11-29 15:17:02
2024-10-10,6408.41,6693.37,6403.0,6566.92,0.031400000000000004,36820.89,3322.37,2024-11-29 15:17:02
2024-10-11,6554.88,6603.41,6392.03,6447.78,-0.0181,24866.3,2227.47,2024-11-29 15:17:02
2024-10-14,6508.95,6637.4,6489.82,6600.67,0.023700000000000002,27750.14,2529.85,2024-11-29 15:17:02
2024-10-15,6571.02,6611.74,6436.01,6436.01,-0.024900000000000002,23169.08,2074.91,2024-11-29 15:17:02
2024-10-16,6383.58,6532.56,6381.8,6481.9,0.0070999999999999995,20832.49,1877.64,2024-11-29 15:17:02
2024-10-17,6502.53,6548.34,6383.63,6383.63,-0.0152,19083.46,1757.1,2024-11-29 15:17:02
2024-10-18,6369.78,6570.8,6311.19,6478.78,0.0149,25327.87,2379.4,2024-11-29 15:17:02
2024-10-21,6492.83,6492.94,6396.44,6455.01,-0.0037,23170.63,2170.84,2024-11-29 15:17:02
2024-10-22,6447.48,6506.68,6446.36,6502.67,0.0074,18698.22,1767.97,2024-11-29 15:17:02
2024-10-23,6506.56,6560.12,6490.65,6529.33,0.0040999999999999995,19634.2,1825.46,2024-11-29 15:17:02
2024-10-24,6503.14,6506.86,6459.11,6484.57,-0.0069,14527.54,1327.2,2024-11-29 15:17:02
2024-10-25,6479.56,6509.87,6459.98,6479.09,-0.0008,17485.85,1614.16,2024-11-29 15:17:02
2024-10-28,6473.62,6498.59,6433.67,6498.59,0.003,22136.87,1876.11,2024-11-29 15:17:02
2024-10-29,6505.33,6539.5,6439.3,6445.97,-0.008100000000000001,21183.92,1878.38,2024-11-29 15:17:02
2024-10-30,6426.56,6469.66,6356.96,6390.08,-0.0087,18972.7,1768.64,2024-11-29 15:17:02
2024-10-31,6387.69,6426.78,6332.53,6382.85,-0.0011,23295.07,2133.6,2024-11-29 15:17:02
2024-11-01,6380.99,6486.42,6380.7,6435.96,0.0083,27882.82,2375.73,2024-11-29 15:17:02
2024-11-04,6446.07,6485.71,6391.39,6485.71,0.0077,20595.07,1807.16,2024-11-29 15:17:02
2024-11-05,6470.49,6583.06,6451.35,6583.06,0.015,27966.25,2425.08,2024-11-29 15:17:02
2024-11-06,6583.25,6604.12,6511.21,6536.14,-0.0070999999999999995,30768.26,2630.72,2024-11-29 15:17:02
2024-11-07,6494.61,6703.58,6490.18,6703.55,0.0256,32600.25,2810.1,2024-11-29 15:17:02
2024-11-08,6743.6,6760.21,6601.4,6619.05,-0.0126,31097.84,2761.77,2024-11-29 15:17:02
2024-11-11,6564.37,6580.82,6490.67,6567.93,-0.0077,25848.38,2301.89,2024-11-29 15:17:02
2024-11-12,6563.49,6638.56,6472.0,6497.2,-0.0108,25570.32,2415.23,2024-11-29 15:17:02
2024-11-13,6477.35,6557.3,6476.46,6542.24,0.0069,21706.42,1980.58,2024-11-29 15:17:02
2024-11-14,6531.48,6563.65,6468.59,6473.74,-0.0105,21068.16,1885.78,2024-11-29 15:17:02
2024-11-15,6456.95,6506.13,6415.08,6415.09,-0.0091,21776.02,1900.26,2024-11-29 15:17:02
2024-11-18,6457.76,6584.47,6441.51,6466.79,0.008100000000000001,33927.66,2554.03,2024-11-29 15:17:02
2024-11-19,6461.25,6487.26,6383.48,6459.81,-0.0011,26177.08,1919.47,2024-11-29 15:17:02
2024-11-20,6445.38,6482.24,6432.04,6471.57,0.0018,19410.63,1585.03,2024-11-29 15:17:02
2024-11-21,6462.9,6479.3,6431.67,6462.91,-0.0013,17160.74,1410.02,2024-11-29 15:17:02
2024-11-22,6458.68,6470.53,6281.69,6281.69,-0.027999999999999997,20678.06,1730.2,2024-11-29 15:17:02
2024-11-25,6295.29,6333.26,6235.63,6270.99,-0.0017000000000000001,17904.02,1497.81,2024-11-29 15:17:02
2024-11-26,6257.77,6306.3,6244.04,6274.4,0.0005,15014.97,1203.16,2024-11-29 15:17:02
2024-11-27,6261.97,6351.66,6226.13,6351.66,0.0123,16744.77,1335.75,2024-11-29 15:17:02
2024-11-28,6350.8,6361.06,6298.63,6314.93,-0.0058,16228.76,1260.44,2024-11-29 15:17:02
